0.000000000000000000e+00,0.000000000000000000e+00
7.007007007007007293e-02,1.299804451825825189e-09
1.401401401401401459e-01,2.044355739843190924e-08
2.102102102102102188e-01,1.017399582924138949e-07
2.802802802802802917e-01,3.161026317026636920e-07
3.503503503503503369e-01,7.586846775995119604e-07
4.204204204204204376e-01,1.546646152349827426e-06
4.904904904904905383e-01,2.817048277452362167e-06
5.605605605605605835e-01,4.724868436875991866e-06
6.306306306306306286e-01,7.441130277007035700e-06
7.007007007007006738e-01,1.115114346610137520e-05
7.707707707707708300e-01,1.605284790315670838e-05
8.408408408408408752e-01,2.235525738968679589e-05
9.109109109109109204e-01,3.027699799234248284e-05
9.809809809809810766e-01,4.004493653005240024e-05
1.051051051051051122e+00,5.189289481671418495e-05
1.121121121121121167e+00,6.606044547973582406e-05
1.191191191191191212e+00,8.279178535630092085e-05
1.261261261261261257e+00,1.023346826433422575e-04
1.331331331331331302e+00,1.249394941441912409e-04
1.401401401401401348e+00,1.508582491150170784e-04
1.471471471471471615e+00,1.803437963677378042e-04
1.541541541541541660e+00,2.136490114332734364e-04
1.611611611611611705e+00,2.510260607302512909e-04
1.681681681681681750e+00,2.927257198195715973e-04
1.751751751751751796e+00,3.389967429550044755e-04
1.821821821821821841e+00,3.900852812643748309e-04
1.891891891891891886e+00,4.462343470151321212e-04
1.961961961961962153e+00,5.076833215323426187e-04
2.032032032032032198e+00,5.746675044466834862e-04
2.102102102102102243e+00,6.474177020549975363e-04
2.172172172172172289e+00,7.261598526765179187e-04
2.242242242242242334e+00,8.111146869842254066e-04
2.312312312312312379e+00,9.024974213832199187e-04
2.382382382382382424e+00,1.000517482596346378e-03
2.452452452452452469e+00,1.105378261702172262e-03
2.522522522522522515e+00,1.217276895951457981e-03
2.592592592592592560e+00,1.336404076766131450e-03
2.662662662662662605e+00,1.462943882399209009e-03
2.732732732732732650e+00,1.597073633805310170e-03
2.802802802802802695e+00,1.738963772339852934e-03
2.872872872872873184e+00,1.888777757970253740e-03
2.942942942942943230e+00,2.046671986745155544e-03
3.013013013013013275e+00,2.212795726327453950e-03
3.083083083083083320e+00,2.387291068454411129e-03
3.153153153153153365e+00,2.570292897242957078e-03
3.223223223223223410e+00,2.761928872310645024e-03
3.293293293293293456e+00,2.962319425733292086e-03
3.363363363363363501e+00,3.171577771908076163e-03
3.433433433433433546e+00,3.389809929437067378e-03
3.503503503503503591e+00,3.617114754190109503e-03
3.573573573573573636e+00,3.853583982747814819e-03
3.643643643643643681e+00,4.099302285466251312e-03
3.713713713713713727e+00,4.354347328442518573e-03
3.783783783783783772e+00,4.618789843697860588e-03
3.853853853853853817e+00,4.892693706929987681e-03
3.923923923923924306e+00,5.176116022219354532e-03
3.993993993993994351e+00,5.469107213107123923e-03
4.064064064064064397e+00,5.771711119492312428e-03
4.134134134134134442e+00,6.083965099825601117e-03
4.204204204204204487e+00,6.405900138104774107e-03
4.274274274274274532e+00,6.737540955203856312e-03
4.344344344344344577e+00,7.078906124093212529e-03
4.414414414414414622e+00,7.430008188532601955e-03
4.484484484484484668e+00,7.790853784841848123e-03
4.554554554554554713e+00,8.161443766376563769e-03
4.624624624624624758e+00,8.541773330357313454e-03
4.694694694694694803e+00,8.931832146720605076e-03
4.764764764764764848e+00,9.331604488679428808e-03
4.834834834834834894e+00,9.741069364699837807e-03
4.904904904904904939e+00,1.016020065161692826e-02
4.974974974974974984e+00,1.058896722863056708e-02
5.045045045045045029e+00,1.102733311193715253e-02
5.115115115115115074e+00,1.147525758976883185e-02
5.185185185185185119e+00,1.193269535762582663e-02
5.255255255255255165e+00,1.239959665350147053e-02
5.325325325325325210e+00,1.287590739291235784e-02
5.395395395395395255e+00,1.336156930355883801e-02
5.465465465465465300e+00,1.385652005945257025e-02
5.535535535535535345e+00,1.436069341435925080e-02
5.605605605605605390e+00,1.487401933441519566e-02
5.675675675675676324e+00,1.539642412978671493e-02
5.745745745745746369e+00,1.592783058525123682e-02
5.815815815815816414e+00,1.646815808958753888e-02
5.885885885885886459e+00,1.701732276367145733e-02
5.955955955955956505e+00,1.757523758718256002e-02
6.026026026026026550e+00,1.814181252383344212e-02
6.096096096096096595e+00,1.871695464504230522e-02
6.166166166166166640e+00,1.930056825197576029e-02
6.236236236236236685e+00,1.989255499589528270e-02
6.306306306306306730e+00,2.049281399674789117e-02
6.376376376376376776e+00,2.110124195994689603e-02
6.446446446446446821e+00,2.171773329129394331e-02
6.516516516516516866e+00,2.234218021000061380e-02
6.586586586586586911e+00,2.297447285977028547e-02
6.656656656656656956e+00,2.361449941790837517e-02
6.726726726726727001e+00,2.426214620243159065e-02
6.796796796796797047e+00,2.491729777715244107e-02
6.866866866866867092e+00,2.557983705471799513e-02
6.936936936936937137e+00,2.624964539758729148e-02
7.007007007007007182e+00,2.692660271693346138e-02
7.077077077077077227e+00,2.761058756946176834e-02
7.147147147147147273e+00,2.830147725213624788e-02
7.217217217217217318e+00,2.899914789481222721e-02
7.287287287287287363e+00,2.970347455077311863e-02
7.357357357357357408e+00,3.041433128517427933e-02
7.427427427427427453e+00,3.113159126139698751e-02
7.497497497497497498e+00,3.185512682532003204e-02
7.567567567567567544e+00,3.258480958751696493e-02
7.637637637637637589e+00,3.332051050338976500e-02
7.707707707707707634e+00,3.406209995125134699e-02
7.777777777777777679e+00,3.480944780837102320e-02
7.847847847847848612e+00,3.556242352499840165e-02
7.917917917917918658e+00,3.632089619638333849e-02
7.987987987987988703e+00,3.708473463280970855e-02
8.058058058058058748e+00,3.785380742766382423e-02
8.128128128128128793e+00,3.862798302355718860e-02
8.198198198198198838e+00,3.940712977652635618e-02
8.268268268268268884e+00,4.019111601833257053e-02
8.338338338338338929e+00,4.097981011688472952e-02
8.408408408408408974e+00,4.177308053481088024e-02
8.478478478478479019e+00,4.257079588620249488e-02
8.548548548548549064e+00,4.337282499155848542e-02
8.618618618618619109e+00,4.417903693095484585e-02
8.688688688688689155e+00,4.498930109546692147e-02
8.758758758758759200e+00,4.580348723687224788e-02
8.828828828828829245e+00,4.662146551566113267e-02
8.898898898898899290e+00,4.744310654738349842e-02
8.968968968968969335e+00,4.826828144736031168e-02
9.039039039039039380e+00,4.909686187378869970e-02
9.109109109109109426e+00,4.992872006926876022e-02
9.179179179179179471e+00,5.076372890078156841e-02
9.249249249249249516e+00,5.160176189814783682e-02
9.319319319319319561e+00,5.244269329099564281e-02
9.389389389389389606e+00,5.328639804426662380e-02
9.459459459459459651e+00,5.413275189229026924e-02
9.529529529529529697e+00,5.498163137145491153e-02
9.599599599599599742e+00,5.583291385150442737e-02
9.669669669669669787e+00,5.668647756549057004e-02
9.739739739739739832e+00,5.754220163840776531e-02
9.809809809809809877e+00,5.839996611454162379e-02
9.879879879879879923e+00,5.925965198355758606e-02
9.949949949949949968e+00,6.012114120535914930e-02
1.002002002002002001e+01,6.098431673374304918e-02
1.009009009009009006e+01,6.184906253888040190e-02
1.016016016016016010e+01,6.271526362864987547e-02
1.023023023023023015e+01,6.358280606885179098e-02
1.030030030030030019e+01,6.445157700232903575e-02
1.037037037037037024e+01,6.532146466702262733e-02
1.044044044044044028e+01,6.619235841298728995e-02
1.051051051051051033e+01,6.706414871839476433e-02
1.058058058058058037e+01,6.793672720454889402e-02
1.065065065065065042e+01,6.880998664993956404e-02
1.072072072072072046e+01,6.968382100335990259e-02
1.079079079079079051e+01,7.055812539611196199e-02
1.086086086086086056e+01,7.143279615332503996e-02
1.093093093093093060e+01,7.230773080441124656e-02
1.100100100100100065e+01,7.318282809268117362e-02
1.107107107107107069e+01,7.405798798414502115e-02
1.114114114114114074e+01,7.493311167551945651e-02
1.121121121121121078e+01,7.580810160146569943e-02
1.128128128128128260e+01,7.668286144107877567e-02
1.135135135135135265e+01,7.755729612365185044e-02
1.142142142142142269e+01,7.843131183373558413e-02
1.149149149149149274e+01,7.930481601551457593e-02
1.156156156156156278e+01,8.017771737652173991e-02
1.163163163163163283e+01,8.104992589070988962e-02
1.170170170170170287e+01,8.192135280090274974e-02
1.177177177177177292e+01,8.279191062064249207e-02
1.184184184184184296e+01,8.366151313545465429e-02
1.191191191191191301e+01,8.453007540354944005e-02
1.198198198198198305e+01,8.539751375597692817e-02
1.205205205205205310e+01,8.626374579625478711e-02
1.212212212212212314e+01,8.712869039948695216e-02
1.219219219219219319e+01,8.799226771098965505e-02
1.226226226226226323e+01,8.885439914444201448e-02
1.233233233233233328e+01,8.971500737957896487e-02
1.240240240240240333e+01,9.057401635944122009e-02
1.247247247247247337e+01,9.143135128719960536e-02
1.254254254254254342e+01,9.228693862256853730e-02
1.261261261261261346e+01,9.314070607782420907e-02
1.268268268268268351e+01,9.399258261344298204e-02
1.275275275275275355e+01,9.484249843337291819e-02
1.282282282282282360e+01,9.569038497995525916e-02
1.289289289289289364e+01,9.653617492850691262e-02
1.296296296296296369e+01,9.737980218158009960e-02
1.303303303303303373e+01,9.822120186291055655e-02
1.310310310310310378e+01,9.906031031106833640e-02
1.317317317317317382e+01,9.989706507282364312e-02
1.324324324324324387e+01,1.007314048962391767e-01
1.331331331331331391e+01,1.015632697235028109e-01
1.338338338338338396e+01,1.023926006835103181e-01
1.345345345345345400e+01,1.032193400842110059e-01
1.352352352352352405e+01,1.040434314047266051e-01
1.359359359359359409e+01,1.048648192872549262e-01
1.366366366366366414e+01,1.056834495287680142e-01
1.373373373373373418e+01,1.064992690725158342e-01
1.380380380380380423e+01,1.073122259993454508e-01
1.387387387387387427e+01,1.081222695188444188e-01
1.394394394394394432e+01,1.089293499603197490e-01
1.401401401401401436e+01,1.097334187636198333e-01
1.408408408408408441e+01,1.105344284698094870e-01
1.415415415415415445e+01,1.113323327117060474e-01
1.422422422422422450e+01,1.121270862042860472e-01
1.429429429429429455e+01,1.129186447349694311e-01
1.436436436436436459e+01,1.137069651537900017e-01
1.443443443443443464e+01,1.144920053634605611e-01
1.450450450450450468e+01,1.152737243093383129e-01
1.457457457457457473e+01,1.160520819693003636e-01
1.464464464464464477e+01,1.168270393435344445e-01
1.471471471471471482e+01,1.175985584442524462e-01
1.478478478478478486e+01,1.183666022853339106e-01
1.485485485485485491e+01,1.191311348719052976e-01
1.492492492492492495e+01,1.198921211898616446e-01
1.499499499499499500e+01,1.206495271953365866e-01
1.506506506506506504e+01,1.214033198041264278e-01
1.513513513513513509e+01,1.221534668810751734e-01
1.520520520520520513e+01,1.228999372294237724e-01
1.527527527527527518e+01,1.236427005801312845e-01
1.534534534534534522e+01,1.243817275811719969e-01
1.541541541541541527e+01,1.251169897868130432e-01
1.548548548548548531e+01,1.258484596468785743e-01
1.555555555555555536e+01,1.265761104960043404e-01
1.562562562562562540e+01,1.272999165428873869e-01
1.569569569569569722e+01,1.280198528595352103e-01
1.576576576576576727e+01,1.287358953705184661e-01
1.583583583583583732e+01,1.294480208422318368e-01
1.590590590590590736e+01,1.301562068721660026e-01
1.597597597597597741e+01,1.308604318781959042e-01
1.604604604604604745e+01,1.315606750878866582e-01
1.611611611611611750e+01,1.322569165278237868e-01
1.618618618618618754e+01,1.329491370129679273e-01
1.625625625625625759e+01,1.336373181360394902e-01
1.632632632632632763e+01,1.343214422569355415e-01
1.639639639639639768e+01,1.350014924921813242e-01
1.646646646646646772e+01,1.356774527044212197e-01
1.653653653653653777e+01,1.363493074919491510e-01
1.660660660660660781e+01,1.370170421782836156e-01
1.667667667667667786e+01,1.376806428017881556e-01
1.674674674674674790e+01,1.383400961053410094e-01
1.681681681681681795e+01,1.389953895260548355e-01
1.688688688688688799e+01,1.396465111850500318e-01
1.695695695695695804e+01,1.402934498772830940e-01
1.702702702702702808e+01,1.409361950614321790e-01
1.709709709709709813e+01,1.415747368498417591e-01
1.716716716716716817e+01,1.422090659985282557e-01
1.723723723723723822e+01,1.428391738972487612e-01
1.730730730730730826e+01,1.434650525596337101e-01
1.737737737737737831e+01,1.440866946133856352e-01
1.744744744744744835e+01,1.447040932905455102e-01
1.751751751751751840e+01,1.453172424178283406e-01
1.758758758758758844e+01,1.459261364070282285e-01
1.765765765765765849e+01,1.465307702454958505e-01
1.772772772772772854e+01,1.471311394866878230e-01
1.779779779779779858e+01,1.477272402407910079e-01
1.786786786786786863e+01,1.483190691654203974e-01
1.793793793793793867e+01,1.489066234563942714e-01
1.800800800800800872e+01,1.494899008385852102e-01
1.807807807807807876e+01,1.500688995568493500e-01
1.814814814814814881e+01,1.506436183670339934e-01
1.821821821821821885e+01,1.512140565270645443e-01
1.828828828828828890e+01,1.517802137881115454e-01
1.835835835835835894e+01,1.523420903858380693e-01
1.842842842842842899e+01,1.528996870317284318e-01
1.849849849849849903e+01,1.534530049044986744e-01
1.856856856856856908e+01,1.540020456415893690e-01
1.863863863863863912e+01,1.545468113307406077e-01
1.870870870870870917e+01,1.550873045016508134e-01
1.877877877877877921e+01,1.556235281177181240e-01
1.884884884884884926e+01,1.561554855678658205e-01
1.891891891891891930e+01,1.566831806584517983e-01
1.898898898898898935e+01,1.572066176052621389e-01
1.905905905905905939e+01,1.577258010255886411e-01
1.912912912912912944e+01,1.582407359303913130e-01
1.919919919919919948e+01,1.587514277165451571e-01
1.926926926926926953e+01,1.592578821591715543e-01
1.933933933933933957e+01,1.597601054040545809e-01
1.940940940940940962e+01,1.602581039601415347e-01
1.947947947947947966e+01,1.607518846921285605e-01
1.954954954954954971e+01,1.612414548131304304e-01
1.961961961961961975e+01,1.617268218774349786e-01
1.968968968968968980e+01,1.622079937733421073e-01
1.975975975975975985e+01,1.626849787160862260e-01
1.982982982982982989e+01,1.631577852408437335e-01
1.989989989989989994e+01,1.636264221958234066e-01
1.996996996996996998e+01,1.640908987354407211e-01
2.004004004004004003e+01,1.645512243135759667e-01
2.011011011011011007e+01,1.650074086769142412e-01
2.018018018018018012e+01,1.654594618583695997e-01
2.025025025025025016e+01,1.659073941705906940e-01
2.032032032032032021e+01,1.663512161995485128e-01
2.039039039039039025e+01,1.667909387982067226e-01
2.046046046046046030e+01,1.672265730802727224e-01
2.053053053053053034e+01,1.676581304140292439e-01
2.060060060060060039e+01,1.680856224162478318e-01
2.067067067067067043e+01,1.685090609461815381e-01
2.074074074074074048e+01,1.689284580996373020e-01
2.081081081081081052e+01,1.693438262031282671e-01
2.088088088088088057e+01,1.697551778081042295e-01
2.095095095095095061e+01,1.701625256852609680e-01
2.102102102102102066e+01,1.705658828189268172e-01
2.109109109109109070e+01,1.709652624015274291e-01
2.116116116116116075e+01,1.713606778281263343e-01
2.123123123123123079e+01,1.717521426910425808e-01
2.130130130130130084e+01,1.721396707745440069e-01
2.137137137137137088e+01,1.725232760496153428e-01
2.144144144144144093e+01,1.729029726688014745e-01
2.151151151151151097e+01,1.732787749611244266e-01
2.158158158158158102e+01,1.736506974270743409e-01
2.165165165165165106e+01,1.740187547336726759e-01
2.172172172172172111e+01,1.743829617096088747e-01
2.179179179179179116e+01,1.747433333404475597e-01
2.186186186186186120e+01,1.750998847639080591e-01
2.193193193193193125e+01,1.754526312652139042e-01
2.200200200200200129e+01,1.758015882725121881e-01
2.207207207207207134e+01,1.761467713523630629e-01
2.214214214214214138e+01,1.764881962052969600e-01
2.221221221221221143e+01,1.768258786614411160e-01
2.228228228228228147e+01,1.771598346762123799e-01
2.235235235235235152e+01,1.774900803260780757e-01
2.242242242242242156e+01,1.778166318043823135e-01
2.249249249249249516e+01,1.781395054172383863e-01
2.256256256256256520e+01,1.784587175794857816e-01
2.263263263263263525e+01,1.787742848107123361e-01
2.270270270270270530e+01,1.790862237313389504e-01
2.277277277277277534e+01,1.793945510587685865e-01
2.284284284284284539e+01,1.796992836035969099e-01
2.291291291291291543e+01,1.800004382658850766e-01
2.298298298298298548e+01,1.802980320314937768e-01
2.305305305305305552e+01,1.805920819684775636e-01
2.312312312312312557e+01,1.808826052235393556e-01
2.319319319319319561e+01,1.811696190185439759e-01
2.326326326326326566e+01,1.814531406470904773e-01
2.333333333333333570e+01,1.817331874711423101e-01
2.340340340340340575e+01,1.820097769177150548e-01
2.347347347347347579e+01,1.822829264756206102e-01
2.354354354354354584e+01,1.825526536922676690e-01
2.361361361361361588e+01,1.828189761705175109e-01
2.368368368368368593e+01,1.830819115655945573e-01
2.375375375375375597e+01,1.833414775820514930e-01
2.382382382382382602e+01,1.835976919707873467e-01
2.389389389389389606e+01,1.838505725261188883e-01
2.396396396396396611e+01,1.841001370829044859e-01
2.403403403403403615e+01,1.843464035137191703e-01
2.410410410410410620e+01,1.845893897260811045e-01
2.417417417417417624e+01,1.848291136597286222e-01
2.424424424424424629e+01,1.850655932839465612e-01
2.431431431431431633e+01,1.852988465949426400e-01
2.438438438438438638e+01,1.855288916132714350e-01
2.445445445445445642e+01,1.857557463813077903e-01
2.452452452452452647e+01,1.859794289607660522e-01
2.459459459459459651e+01,1.861999574302672933e-01
2.466466466466466656e+01,1.864173498829525821e-01
2.473473473473473661e+01,1.866316244241413569e-01
2.480480480480480665e+01,1.868427991690354006e-01
2.487487487487487670e+01,1.870508922404672258e-01
2.494494494494494674e+01,1.872559217666922848e-01
2.501501501501501679e+01,1.874579058792243125e-01
2.508508508508508683e+01,1.876568627107139398e-01
2.515515515515515688e+01,1.878528103928689408e-01
2.522522522522522692e+01,1.880457670544166404e-01
2.529529529529529697e+01,1.882357508191069839e-01
2.536536536536536701e+01,1.884227798037564350e-01
2.543543543543543706e+01,1.886068721163316475e-01
2.550550550550550710e+01,1.887880458540726614e-01
2.557557557557557715e+01,1.889663191016551502e-01
2.564564564564564719e+01,1.891417099293908610e-01
2.571571571571571724e+01,1.893142363914658011e-01
2.578578578578578728e+01,1.894839165242157564e-01
2.585585585585585733e+01,1.896507683444391967e-01
2.592592592592592737e+01,1.898148098477454582e-01
2.599599599599599742e+01,1.899760590069393684e-01
2.606606606606606746e+01,1.901345337704410110e-01
2.613613613613613751e+01,1.902902520607399062e-01
2.620620620620620755e+01,1.904432317728841084e-01
2.627627627627627760e+01,1.905934907730023053e-01
2.634634634634634764e+01,1.907410468968596673e-01
2.641641641641641769e+01,1.908859179484464486e-01
2.648648648648648773e+01,1.910281216985985075e-01
2.655655655655655778e+01,1.911676758836502454e-01
2.662662662662662783e+01,1.913045982041185200e-01
2.669669669669669787e+01,1.914389063234173127e-01
2.676676676676676792e+01,1.915706178666033987e-01
2.683683683683683796e+01,1.916997504191512713e-01
2.690690690690690801e+01,1.918263215257584031e-01
2.697697697697697805e+01,1.919503486891786515e-01
2.704704704704704810e+01,1.920718493690852235e-01
2.711711711711711814e+01,1.921908409809609808e-01
2.718718718718718819e+01,1.923073408950173868e-01
2.725725725725725823e+01,1.924213664351401010e-01
2.732732732732732828e+01,1.925329348778616056e-01
2.739739739739739832e+01,1.926420634513607844e-01
2.746746746746746837e+01,1.927487693344879793e-01
2.753753753753753841e+01,1.928530696558160562e-01
2.760760760760760846e+01,1.929549814927167539e-01
2.767767767767767850e+01,1.930545218704617927e-01
2.774774774774774855e+01,1.931517077613484068e-01
2.781781781781781859e+01,1.932465560838490526e-01
2.788788788788788864e+01,1.933390837017849584e-01
2.795795795795795868e+01,1.934293074235225174e-01
2.802802802802802873e+01,1.935172440011931339e-01
2.809809809809809877e+01,1.936029101299355792e-01
2.816816816816816882e+01,1.936863224471598033e-01
2.823823823823823886e+01,1.937674975318337267e-01
2.830830830830830891e+01,1.938464519037906286e-01
2.837837837837837895e+01,1.939232020230580722e-01
2.844844844844844900e+01,1.939977642892072862e-01
2.851851851851851904e+01,1.940701550407233078e-01
2.858858858858858909e+01,1.941403905543949149e-01
2.865865865865865914e+01,1.942084870447243761e-01
2.872872872872872918e+01,1.942744606633567961e-01
2.879879879879879923e+01,1.943383274985280851e-01
2.886886886886886927e+01,1.944001035745321904e-01
2.893893893893893932e+01,1.944598048512063693e-01
2.900900900900900936e+01,1.945174472234346141e-01
2.907907907907907941e+01,1.945730465206692572e-01
2.914914914914914945e+01,1.946266185064691734e-01
2.921921921921921950e+01,1.946781788780564959e-01
2.928928928928928954e+01,1.947277432658887641e-01
2.935935935935935959e+01,1.947753272332486685e-01
2.942942942942942963e+01,1.948209462758497268e-01
2.949949949949949968e+01,1.948646158214577262e-01
2.956956956956956972e+01,1.949063512295283740e-01
2.963963963963963977e+01,1.949461677908598811e-01
2.970970970970970981e+01,1.949840807272610610e-01
2.977977977977977986e+01,1.950201051912341388e-01
2.984984984984984990e+01,1.950542562656719658e-01
2.991991991991991995e+01,1.950865489635701111e-01
2.998998998998998999e+01,1.951169982277522752e-01
3.006006006006006004e+01,1.951456189306103040e-01
3.013013013013013008e+01,1.951724258738571083e-01
3.020020020020020013e+01,1.951974337882931843e-01
3.027027027027027017e+01,1.952206573335862061e-01
3.034034034034034022e+01,1.952421110980634145e-01
3.041041041041041026e+01,1.952618095985162450e-01
3.048048048048048031e+01,1.952797672800178075e-01
3.055055055055055035e+01,1.952959985157521616e-01
3.062062062062062040e+01,1.953105176068552218e-01
3.069069069069069045e+01,1.953233387822679024e-01
3.076076076076076049e+01,1.953344761986000044e-01
3.083083083083083054e+01,1.953439439400056488e-01
3.090090090090090058e+01,1.953517560180697277e-01
3.097097097097097063e+01,1.953579263717047099e-01
3.104104104104104067e+01,1.953624688670584364e-01
3.111111111111111072e+01,1.953653972974319919e-01
3.118118118118118076e+01,1.953667253832075401e-01
3.125125125125125081e+01,1.953664667717863734e-01
3.132132132132132085e+01,1.953646350375365937e-01
3.139139139139139445e+01,1.953612436817501463e-01
3.146146146146146449e+01,1.953563061326092642e-01
3.153153153153153454e+01,1.953498357451620704e-01
3.160160160160160459e+01,1.953418458013070902e-01
3.167167167167167463e+01,1.953323495097863682e-01
3.174174174174174468e+01,1.953213600061874944e-01
3.181181181181181472e+01,1.953088903529536513e-01
3.188188188188188477e+01,1.952949535394019609e-01
3.195195195195195481e+01,1.952795624817499354e-01
3.202202202202202130e+01,1.952627300231499219e-01
3.209209209209209490e+01,1.952444689337307360e-01
3.216216216216216139e+01,1.952247919106474272e-01
3.223223223223223499e+01,1.952037115781379284e-01
3.230230230230230148e+01,1.951812404875871154e-01
3.237237237237237508e+01,1.951573911175980836e-01
3.244244244244244157e+01,1.951321758740695855e-01
3.251251251251251517e+01,1.951056070902810469e-01
3.258258258258258167e+01,1.950776970269837429e-01
3.265265265265265526e+01,1.950484578724983042e-01
3.272272272272272176e+01,1.950179017428186334e-01
3.279279279279279535e+01,1.949860406817219560e-01
3.286286286286286185e+01,1.949528866608849220e-01
3.293293293293293544e+01,1.949184515800050366e-01
3.300300300300300194e+01,1.948827472669288630e-01
3.307307307307307553e+01,1.948457854777844167e-01
3.314314314314314203e+01,1.948075778971201377e-01
3.321321321321321562e+01,1.947681361380486642e-01
3.328328328328328212e+01,1.947274717423957691e-01
3.335335335335335571e+01,1.946855961808542645e-01
3.342342342342342221e+01,1.946425208531432915e-01
3.349349349349349581e+01,1.945982570881717444e-01
3.356356356356356230e+01,1.945528161442068860e-01
3.363363363363363590e+01,1.945062092090472650e-01
3.370370370370370239e+01,1.944584474002002406e-01
3.377377377377377599e+01,1.944095417650633373e-01
3.384384384384384248e+01,1.943595032811107071e-01
3.391391391391391608e+01,1.943083428560827275e-01
3.398398398398398257e+01,1.942560713281802076e-01
3.405405405405405617e+01,1.942026994662622852e-01
3.412412412412412266e+01,1.941482379700480709e-01
3.419419419419419626e+01,1.940926974703218455e-01
3.426426426426426275e+01,1.940360885291421145e-01
3.433433433433433635e+01,1.939784216400539385e-01
3.440440440440440284e+01,1.939197072283044831e-01
3.447447447447447644e+01,1.938599556510621769e-01
3.454454454454454293e+01,1.937991771976387834e-01
3.461461461461461653e+01,1.937373820897148324e-01
3.468468468468468302e+01,1.936745804815672711e-01
3.475475475475475662e+01,1.936107824603012506e-01
3.482482482482482311e+01,1.935459980460836060e-01
3.489489489489489671e+01,1.934802371923795838e-01
3.496496496496496320e+01,1.934135097861922337e-01
3.503503503503503680e+01,1.933458256483039372e-01
3.510510510510510329e+01,1.932771945335209351e-01
3.517517517517517689e+01,1.932076261309198240e-01
3.524524524524524338e+01,1.931371300640965516e-01
3.531531531531531698e+01,1.930657158914176053e-01
3.538538538538538347e+01,1.929933931062733643e-01
3.545545545545545707e+01,1.929201711373332850e-01
3.552552552552552356e+01,1.928460593488035835e-01
3.559559559559559716e+01,1.927710670406863058e-01
3.566566566566566365e+01,1.926952034490405918e-01
3.573573573573573725e+01,1.926184777462455755e-01
3.580580580580580374e+01,1.925408990412651178e-01
3.587587587587587734e+01,1.924624763799139271e-01
3.594594594594595094e+01,1.923832187451255948e-01
3.601601601601601743e+01,1.923031350572218523e-01
3.608608608608609103e+01,1.922222341741835205e-01
3.615615615615615752e+01,1.921405248919226261e-01
3.622622622622623112e+01,1.920580159445558766e-01
3.629629629629629761e+01,1.919747160046796630e-01
3.636636636636637121e+01,1.918906336836458670e-01
3.643643643643643770e+01,1.918057775318391667e-01
3.650650650650651130e+01,1.917201560389550918e-01
3.657657657657657779e+01,1.916337776342793564e-01
3.664664664664665139e+01,1.915466506869681618e-01
3.671671671671671788e+01,1.914587835063293608e-01
3.678678678678679148e+01,1.913701843421042603e-01
3.685685685685685797e+01,1.912808613847508943e-01
3.692692692692693157e+01,1.911908227657272141e-01
3.699699699699699806e+01,1.911000765577757221e-01
3.706706706706707166e+01,1.910086307752082713e-01
3.713713713713713815e+01,1.909164933741918924e-01
3.720720720720721175e+01,1.908236722530347318e-01
3.727727727727727824e+01,1.907301752524731275e-01
3.734734734734735184e+01,1.906360101559584352e-01
3.741741741741741833e+01,1.905411846899450756e-01
3.748748748748749193e+01,1.904457065241781655e-01
3.755755755755755843e+01,1.903495832719822867e-01
3.762762762762763202e+01,1.902528224905500331e-01
3.769769769769769852e+01,1.901554316812308909e-01
3.776776776776777211e+01,1.900574182898206732e-01
3.783783783783783861e+01,1.899587897068509557e-01
3.790790790790791220e+01,1.898595532678783449e-01
3.797797797797797870e+01,1.897597162537744131e-01
3.804804804804805229e+01,1.896592858910154666e-01
3.811811811811811879e+01,1.895582693519722584e-01
3.818818818818819238e+01,1.894566737551999502e-01
3.825825825825825888e+01,1.893545061657277151e-01
3.832832832832833247e+01,1.892517735953486713e-01
3.839839839839839897e+01,1.891484830029095676e-01
3.846846846846847257e+01,1.890446412946001076e-01
3.853853853853853906e+01,1.889402553242426619e-01
3.860860860860861266e+01,1.888353318935811209e-01
3.867867867867867915e+01,1.887298777525701632e-01
3.874874874874875275e+01,1.886238995996639412e-01
3.881881881881881924e+01,1.885174040821045449e-01
3.888888888888889284e+01,1.884103977962102716e-01
3.895895895895895933e+01,1.883028872876632565e-01
3.902902902902903293e+01,1.881948790517973535e-01
3.909909909909909942e+01,1.880863795338850453e-01
3.916916916916917302e+01,1.879773951294241852e-01
3.923923923923923951e+01,1.878679321844243799e-01
3.930930930930931311e+01,1.877579969956928441e-01
3.937937937937937960e+01,1.876475958111198106e-01
3.944944944944945320e+01,1.875367348299633308e-01
3.951951951951951969e+01,1.874254202031337968e-01
3.958958958958959329e+01,1.873136580334775481e-01
3.965965965965965978e+01,1.872014543760604777e-01
3.972972972972973338e+01,1.870888152384503345e-01
3.979979979979979987e+01,1.869757465809991082e-01
3.986986986986987347e+01,1.868622543171243877e-01
3.993993993993993996e+01,1.867483443135899979e-01
4.001001001001001356e+01,1.866340223907865525e-01
4.008008008008008005e+01,1.865192943230106482e-01
4.015015015015015365e+01,1.864041658387436406e-01
4.022022022022022014e+01,1.862886426209297841e-01
4.029029029029029374e+01,1.861727303072534534e-01
4.036036036036036023e+01,1.860564344904161171e-01
4.043043043043043383e+01,1.859397607184116175e-01
4.050050050050050032e+01,1.858227144948015885e-01
4.057057057057057392e+01,1.857053012789894597e-01
4.064064064064064041e+01,1.855875264864942364e-01
4.071071071071071401e+01,1.854693954892227270e-01
4.078078078078078050e+01,1.853509136157415749e-01
4.085085085085085410e+01,1.852320861515480699e-01
4.092092092092092059e+01,1.851129183393404043e-01
4.099099099099099419e+01,1.849934153792865965e-01
4.106106106106106068e+01,1.848735824292929986e-01
4.113113113113113428e+01,1.847534246052715268e-01
4.120120120120120077e+01,1.846329469814064206e-01
4.127127127127127437e+01,1.845121545904195026e-01
4.134134134134134086e+01,1.843910524238351334e-01
4.141141141141141446e+01,1.842696454322435562e-01
4.148148148148148096e+01,1.841479385255640200e-01
4.155155155155155455e+01,1.840259365733060704e-01
4.162162162162162105e+01,1.839036444048310626e-01
4.169169169169169464e+01,1.837810668096111766e-01
4.176176176176176114e+01,1.836582085374888762e-01
4.183183183183183473e+01,1.835350742989343698e-01
4.190190190190190123e+01,1.834116687653027378e-01
4.197197197197197482e+01,1.832879965690893675e-01
4.204204204204204132e+01,1.831640623041851657e-01
4.211211211211211491e+01,1.830398705261298831e-01
4.218218218218218141e+01,1.829154257523652460e-01
4.225225225225225500e+01,1.827907324624863661e-01
4.232232232232232150e+01,1.826657950984925394e-01
4.239239239239239510e+01,1.825406180650364085e-01
4.246246246246246159e+01,1.824152057296731799e-01
4.253253253253253519e+01,1.822895624231074263e-01
4.260260260260260168e+01,1.821636924394398060e-01
4.267267267267267528e+01,1.820376000364121727e-01
4.274274274274274177e+01,1.819112894356518240e-01
4.281281281281281537e+01,1.817847648229147517e-01
4.288288288288288186e+01,1.816580303483274206e-01
4.295295295295295546e+01,1.815310901266279364e-01
4.302302302302302195e+01,1.814039482374057433e-01
4.309309309309309555e+01,1.812766087253402658e-01
4.316316316316316204e+01,1.811490756004388025e-01
4.323323323323323564e+01,1.810213528382726422e-01
4.330330330330330213e+01,1.808934443802128478e-01
4.337337337337337573e+01,1.807653541336641245e-01
4.344344344344344222e+01,1.806370859722984112e-01
4.351351351351351582e+01,1.805086437362865004e-01
4.358358358358358231e+01,1.803800312325290756e-01
4.365365365365365591e+01,1.802512522348866386e-01
4.372372372372372240e+01,1.801223104844079659e-01
4.379379379379379600e+01,1.799932096895577593e-01
4.386386386386386249e+01,1.798639535264427436e-01
4.393393393393393609e+01,1.797345456390373186e-01
4.400400400400400258e+01,1.796049896394073808e-01
4.407407407407407618e+01,1.794752891079332280e-01
4.414414414414414267e+01,1.793454475935318260e-01
4.421421421421421627e+01,1.792154686138770214e-01
4.428428428428428276e+01,1.790853556556191717e-01
4.435435435435435636e+01,1.789551121746039142e-01
4.442442442442442285e+01,1.788247415960890485e-01
4.449449449449449645e+01,1.786942473149608079e-01
4.456456456456456294e+01,1.785636326959488263e-01
4.463463463463463654e+01,1.784329010738401888e-01
4.470470470470470303e+01,1.783020557536916795e-01
4.477477477477477663e+01,1.781711000110418885e-01
4.484484484484484312e+01,1.780400370921212949e-01
4.491491491491491672e+01,1.779088702140615985e-01
4.498498498498499032e+01,1.777776025651038871e-01
4.505505505505505681e+01,1.776462373048058319e-01
4.512512512512513041e+01,1.775147775642473003e-01
4.519519519519519690e+01,1.773832264462353314e-01
4.526526526526527050e+01,1.772515870255072790e-01
4.533533533533533699e+01,1.771198623489340929e-01
4.540540540540541059e+01,1.769880554357206592e-01
4.547547547547547708e+01,1.768561692776070560e-01
4.554554554554555068e+01,1.767242068390666720e-01
4.561561561561561717e+01,1.765921710575048542e-01
4.568568568568569077e+01,1.764600648434552499e-01
4.575575575575575726e+01,1.763278910807760391e-01
4.582582582582583086e+01,1.761956526268437795e-01
4.589589589589589735e+01,1.760633523127475841e-01
4.596596596596597095e+01,1.759309929434810238e-01
4.603603603603603744e+01,1.757985772981336403e-01
4.610610610610611104e+01,1.756661081300805727e-01
4.617617617617617753e+01,1.755335881671722109e-01
4.624624624624625113e+01,1.754010201119216295e-01
4.631631631631631763e+01,1.752684066416913822e-01
4.638638638638639122e+01,1.751357504088796035e-01
4.645645645645645772e+01,1.750030540411039448e-01
4.652652652652653131e+01,1.748703201413855379e-01
4.659659659659659781e+01,1.747375512883313220e-01
4.666666666666667140e+01,1.746047500363151206e-01
4.673673673673673790e+01,1.744719189156579975e-01
4.680680680680681149e+01,1.743390604328073912e-01
4.687687687687687799e+01,1.742061770705151114e-01
4.694694694694695158e+01,1.740732712880141697e-01
4.701701701701701808e+01,1.739403455211950000e-01
4.708708708708709167e+01,1.738074021827798743e-01
4.715715715715715817e+01,1.736744436624967636e-01
4.722722722722723177e+01,1.735414723272520887e-01
4.729729729729729826e+01,1.734084905213022498e-01
4.736736736736737186e+01,1.732755005664242121e-01
4.743743743743743835e+01,1.731425047620848978e-01
4.750750750750751195e+01,1.730095053856097187e-01
4.757757757757757844e+01,1.728765046923498028e-01
4.764764764764765204e+01,1.727435049158485558e-01
4.771771771771771853e+01,1.726105082680066960e-01
4.778778778778779213e+01,1.724775169392467056e-01
4.785785785785785862e+01,1.723445330986759505e-01
4.792792792792793222e+01,1.722115588942488562e-01
4.799799799799799871e+01,1.720785964529281675e-01
4.806806806806807231e+01,1.719456478808448208e-01
4.813813813813813880e+01,1.718127152634573718e-01
4.820820820820821240e+01,1.716798006657099529e-01
4.827827827827827889e+01,1.715469061321893696e-01
4.834834834834835249e+01,1.714140336872810588e-01
4.841841841841841898e+01,1.712811853353244096e-01
4.848848848848849258e+01,1.711483630607665840e-01
4.855855855855855907e+01,1.710155688283157560e-01
4.862862862862863267e+01,1.708828045830932396e-01
4.869869869869869916e+01,1.707500722507842017e-01
4.876876876876877276e+01,1.706173737377883470e-01
4.883883883883883925e+01,1.704847109313687437e-01
4.890890890890891285e+01,1.703520856997997601e-01
4.897897897897897934e+01,1.702194998925150027e-01
4.904904904904905294e+01,1.700869553402524770e-01
4.911911911911911943e+01,1.699544538552006934e-01
4.918918918918919303e+01,1.698219972311427739e-01
4.925925925925925952e+01,1.696895872435995600e-01
4.932932932932933312e+01,1.695572256499722208e-01
4.939939939939939961e+01,1.694249141896836397e-01
4.946946946946947321e+01,1.692926545843189690e-01
4.953953953953953970e+01,1.691604485377651568e-01
4.960960960960961330e+01,1.690282977363496419e-01
4.967967967967967979e+01,1.688962038489779938e-01
4.974974974974975339e+01,1.687641685272708303e-01
4.981981981981981988e+01,1.686321934056996263e-01
4.988988988988989348e+01,1.685002801017216056e-01
4.995995995995995997e+01,1.683684302159138835e-01
5.003003003003003357e+01,1.682366453321066380e-01
5.010010010010010006e+01,1.681049270175151711e-01
5.017017017017017366e+01,1.679732768228716366e-01
5.024024024024024015e+01,1.678416962825550196e-01
5.031031031031031375e+01,1.677101869147210322e-01
5.038038038038038025e+01,1.675787502214306779e-01
5.045045045045045384e+01,1.674473876887780932e-01
5.052052052052052034e+01,1.673161007870175299e-01
5.059059059059059393e+01,1.671848909706893094e-01
5.066066066066066043e+01,1.670537596787450563e-01
5.073073073073073402e+01,1.669227083346719875e-01
5.080080080080080052e+01,1.667917383466167025e-01
5.087087087087087411e+01,1.666608511075072241e-01
5.094094094094094061e+01,1.665300479951754287e-01
5.101101101101101420e+01,1.663993303724773942e-01
5.108108108108108070e+01,1.662686995874140816e-01
5.115115115115115429e+01,1.661381569732499897e-01
5.122122122122122079e+01,1.660077038486322265e-01
5.129129129129129439e+01,1.658773415177074440e-01
5.136136136136136088e+01,1.657470712702392990e-01
5.143143143143143448e+01,1.656168943817239447e-01
5.150150150150150097e+01,1.654868121135052994e-01
5.157157157157157457e+01,1.653568257128897045e-01
5.164164164164164106e+01,1.652269364132590568e-01
5.171171171171171466e+01,1.650971454341837175e-01
5.178178178178178115e+01,1.649674539815346175e-01
5.185185185185185475e+01,1.648378632475942795e-01
5.192192192192192124e+01,1.647083744111672021e-01
5.199199199199199484e+01,1.645789886376896050e-01
5.206206206206206133e+01,1.644497070793380089e-01
5.213213213213213493e+01,1.643205308751375382e-01
5.220220220220220142e+01,1.641914611510692790e-01
5.227227227227227502e+01,1.640624990201763056e-01
5.234234234234234151e+01,1.639336455826700956e-01
5.241241241241241511e+01,1.638049019260352235e-01
5.248248248248248160e+01,1.636762691251335278e-01
5.255255255255255520e+01,1.635477482423078610e-01
5.262262262262262169e+01,1.634193403274847578e-01
5.269269269269269529e+01,1.632910464182765475e-01
5.276276276276276178e+01,1.631628675400825235e-01
5.283283283283283538e+01,1.630348047061897232e-01
5.290290290290290187e+01,1.629068589178726267e-01
5.297297297297297547e+01,1.627790311644923549e-01
5.304304304304304196e+01,1.626513224235953681e-01
5.311311311311311556e+01,1.625237336610104166e-01
5.318318318318318205e+01,1.623962658309465734e-01
5.325325325325325565e+01,1.622689198760886575e-01
5.332332332332332214e+01,1.621416967276935184e-01
5.339339339339339574e+01,1.620145973056843769e-01
5.346346346346346223e+01,1.618876225187455276e-01
5.353353353353353583e+01,1.617607732644155416e-01
5.360360360360360232e+01,1.616340504291803870e-01
5.367367367367367592e+01,1.615074548885653827e-01
5.374374374374374241e+01,1.613809875072269306e-01
5.381381381381381601e+01,1.612546491390431103e-01
5.388388388388388961e+01,1.611284406272041059e-01
5.395395395395395610e+01,1.610023628043015798e-01
5.402402402402402970e+01,1.608764164924176565e-01
5.409409409409409619e+01,1.607506025032127694e-01
5.416416416416416979e+01,1.606249216380138400e-01
5.423423423423423628e+01,1.604993746879005423e-01
5.430430430430430988e+01,1.603739624337921499e-01
5.437437437437437637e+01,1.602486856465327181e-01
5.444444444444444997e+01,1.601235450869764043e-01
5.451451451451451646e+01,1.599985415060717620e-01
5.458458458458459006e+01,1.598736756449453955e-01
5.465465465465465655e+01,1.597489482349850609e-01
5.472472472472473015e+01,1.596243599979225991e-01
5.479479479479479664e+01,1.594999116459153155e-01
5.486486486486487024e+01,1.593756038816275811e-01
5.493493493493493673e+01,1.592514373983115183e-01
5.500500500500501033e+01,1.591274128798868814e-01
5.507507507507507682e+01,1.590035310010209646e-01
5.514514514514515042e+01,1.588797924272070117e-01
5.521521521521521692e+01,1.587561978148429309e-01
5.528528528528529051e+01,1.586327478113089273e-01
5.535535535535535701e+01,1.585094430550444689e-01
5.542542542542543060e+01,1.583862841756250028e-01
5.549549549549549710e+01,1.582632717938381728e-01
5.556556556556557069e+01,1.581404065217587585e-01
5.563563563563563719e+01,1.580176889628240600e-01
5.570570570570571078e+01,1.578951197119077832e-01
5.577577577577577728e+01,1.577726993553941193e-01
5.584584584584585087e+01,1.576504284712505477e-01
5.591591591591591737e+01,1.575283076291009998e-01
5.598598598598599096e+01,1.574063373902974405e-01
5.605605605605605746e+01,1.572845183079916720e-01
5.612612612612613106e+01,1.571628509272063323e-01
5.619619619619619755e+01,1.570413357849053115e-01
5.626626626626627115e+01,1.569199734100636678e-01
5.633633633633633764e+01,1.567987643237371831e-01
5.640640640640641124e+01,1.566777090391309191e-01
5.647647647647647773e+01,1.565568080616679958e-01
5.654654654654655133e+01,1.564360618890572596e-01
5.661661661661661782e+01,1.563154710113602852e-01
5.668668668668669142e+01,1.561950359110586273e-01
5.675675675675675791e+01,1.560747570631201009e-01
5.682682682682683151e+01,1.559546349350642569e-01
5.689689689689689800e+01,1.558346699870278573e-01
5.696696696696697160e+01,1.557148626718297679e-01
5.703703703703703809e+01,1.555952134350351845e-01
5.710710710710711169e+01,1.554757227150193599e-01
5.717717717717717818e+01,1.553563909430309975e-01
5.724724724724725178e+01,1.552372185432550622e-01
5.731731731731731827e+01,1.551182059328752860e-01
5.738738738738739187e+01,1.549993535221357577e-01
5.745745745745745836e+01,1.548806617144026510e-01
5.752752752752753196e+01,1.547621309062246764e-01
5.759759759759759845e+01,1.546437614873943656e-01
5.766766766766767205e+01,1.545255538410070240e-01
5.773773773773773854e+01,1.544075083435212381e-01
5.780780780780781214e+01,1.542896253648171345e-01
5.787787787787787863e+01,1.541719052682556657e-01
5.794794794794795223e+01,1.540543484107363414e-01
5.801801801801801872e+01,1.539369551427551830e-01
5.808808808808809232e+01,1.538197258084617880e-01
5.815815815815815881e+01,1.537026607457164795e-01
5.822822822822823241e+01,1.535857602861462334e-01
5.829829829829829890e+01,1.534690247552011333e-01
5.836836836836837250e+01,1.533524544722094929e-01
5.843843843843843899e+01,1.532360497504331731e-01
5.850850850850851259e+01,1.531198108971221217e-01
5.857857857857857908e+01,1.530037382135686075e-01
5.864864864864865268e+01,1.528878319951612608e-01
5.871871871871871917e+01,1.527720925314381140e-01
5.878878878878879277e+01,1.526565201061397536e-01
5.885885885885885926e+01,1.525411149972619729e-01
5.892892892892893286e+01,1.524258774771077574e-01
5.899899899899899935e+01,1.523108078123391051e-01
5.906906906906907295e+01,1.521959062640284854e-01
5.913913913913913944e+01,1.520811730877094647e-01
5.920920920920921304e+01,1.519666085334277217e-01
5.927927927927927954e+01,1.518522128457906462e-01
5.934934934934935313e+01,1.517379862640175769e-01
5.941941941941941963e+01,1.516239290219889013e-01
5.948948948948949322e+01,1.515100413482950159e-01
5.955955955955955972e+01,1.513963234662851209e-01
5.962962962962963331e+01,1.512827755941152652e-01
5.969969969969969981e+01,1.511693979447961411e-01
5.976976976976977340e+01,1.510561907262407688e-01
5.983983983983983990e+01,1.509431541413112365e-01
5.990990990990991349e+01,1.508302883878658296e-01
5.997997997997997999e+01,1.507175936588049658e-01
6.005005005005005358e+01,1.506050701421174087e-01
6.012012012012012008e+01,1.504927180209258419e-01
6.019019019019019368e+01,1.503805374735320277e-01
6.026026026026026017e+01,1.502685286734619097e-01
6.033033033033033377e+01,1.501566917895099107e-01
6.040040040040040026e+01,1.500450269857832863e-01
6.047047047047047386e+01,1.499335344217458399e-01
6.054054054054054035e+01,1.498222142522615541e-01
6.061061061061061395e+01,1.497110666276377233e-01
6.068068068068068044e+01,1.496000916936674474e-01
6.075075075075075404e+01,1.494892895916725695e-01
6.082082082082082053e+01,1.493786604585454758e-01
6.089089089089089413e+01,1.492682044267910069e-01
6.096096096096096062e+01,1.491579216245679240e-01
6.103103103103103422e+01,1.490478121757298213e-01
6.110110110110110071e+01,1.489378761998662870e-01
6.117117117117117431e+01,1.488281138123431491e-01
6.124124124124124080e+01,1.487185251243426654e-01
6.131131131131131440e+01,1.486091102429032418e-01
6.138138138138138089e+01,1.484998692709592338e-01
6.145145145145145449e+01,1.483908023073797489e-01
6.152152152152152098e+01,1.482819094470080867e-01
6.159159159159159458e+01,1.481731907806995430e-01
6.166166166166166107e+01,1.480646463953603498e-01
6.173173173173173467e+01,1.479562763739852849e-01
6.180180180180180116e+01,1.478480807956954468e-01
6.187187187187187476e+01,1.477400597357755307e-01
6.194194194194194125e+01,1.476322132657109654e-01
6.201201201201201485e+01,1.475245414532244947e-01
6.208208208208208134e+01,1.474170443623127880e-01
6.215215215215215494e+01,1.473097220532826601e-01
6.222222222222222143e+01,1.472025745827865717e-01
6.229229229229229503e+01,1.470956020038587109e-01
6.236236236236236152e+01,1.469888043659499932e-01
6.243243243243243512e+01,1.468821817149629783e-01
6.250250250250250161e+01,1.467757340932869525e-01
6.257257257257257521e+01,1.466694615398319301e-01
6.264264264264264170e+01,1.465633640900632084e-01
6.271271271271271530e+01,1.464574417760350078e-01
6.278278278278278890e+01,1.463516946264242502e-01
6.285285285285285539e+01,1.462461226665636438e-01
6.292292292292292899e+01,1.461407259184751561e-01
6.299299299299299548e+01,1.460355044009025438e-01
6.306306306306306908e+01,1.459304581293437431e-01
6.313313313313313557e+01,1.458255871160835937e-01
6.320320320320320917e+01,1.457208913702254249e-01
6.327327327327327566e+01,1.456163708977231130e-01
6.334334334334334926e+01,1.455120257014122231e-01
6.341341341341341575e+01,1.454078557810417893e-01
6.348348348348348935e+01,1.453038611333045682e-01
6.355355355355355584e+01,1.452000417518685416e-01
6.362362362362362944e+01,1.450963976274066425e-01
6.369369369369369593e+01,1.449929287476277029e-01
6.376376376376376953e+01,1.448896350973059299e-01
6.383383383383383602e+01,1.447865166583106600e-01
6.390390390390390962e+01,1.446835734096362514e-01
6.397397397397397611e+01,1.445808053274308946e-01
6.404404404404404261e+01,1.444782123850258948e-01
6.411411411411411621e+01,1.443757945529642872e-01
6.418418418418418980e+01,1.442735517990294536e-01
6.425425425425426340e+01,1.441714840882734605e-01
6.432432432432432279e+01,1.440695913830451480e-01
6.439439439439439639e+01,1.439678736430176353e-01
6.446446446446446998e+01,1.438663308252165762e-01
6.453453453453454358e+01,1.437649628840467764e-01
6.460460460460460297e+01,1.436637697713201156e-01
6.467467467467467657e+01,1.435627514362818880e-01
6.474474474474475016e+01,1.434619078256377800e-01
6.481481481481482376e+01,1.433612388835803497e-01
6.488488488488488315e+01,1.432607445518153388e-01
6.495495495495495675e+01,1.431604247695874299e-01
6.502502502502503035e+01,1.430602794737065864e-01
6.509509509509510394e+01,1.429603085985732547e-01
6.516516516516516333e+01,1.428605120762040381e-01
6.523523523523523693e+01,1.427608898362567325e-01
6.530530530530531053e+01,1.426614418060554168e-01
6.537537537537538412e+01,1.425621679106151840e-01
6.544544544544544351e+01,1.424630680726668153e-01
6.551551551551551711e+01,1.423641422126810385e-01
6.558558558558559071e+01,1.422653902488928146e-01
6.565565565565566430e+01,1.421668120973252070e-01
6.572572572572572369e+01,1.420684076718133071e-01
6.579579579579579729e+01,1.419701768840275491e-01
6.586586586586587089e+01,1.418721196434974130e-01
6.593593593593594449e+01,1.417742358576344341e-01
6.600600600600600387e+01,1.416765254317552680e-01
6.607607607607607747e+01,1.415789882691041723e-01
6.614614614614615107e+01,1.414816242708761551e-01
6.621621621621622467e+01,1.413844333362390682e-01
6.628628628628628405e+01,1.412874153623558393e-01
6.635635635635635765e+01,1.411905702444065658e-01
6.642642642642643125e+01,1.410938978756105522e-01
6.649649649649650485e+01,1.409973981472474880e-01
6.656656656656656423e+01,1.409010709486797075e-01
6.663663663663663783e+01,1.408049161673727290e-01
6.670670670670671143e+01,1.407089336889168762e-01
6.677677677677678503e+01,1.406131233970482064e-01
6.684684684684684441e+01,1.405174851736689379e-01
6.691691691691691801e+01,1.404220188988685447e-01
6.698698698698699161e+01,1.403267244509439349e-01
6.705705705705706521e+01,1.402316017064195730e-01
6.712712712712712460e+01,1.401366505400679918e-01
6.719719719719719819e+01,1.400418708249291933e-01
6.726726726726727179e+01,1.399472624323308267e-01
6.733733733733734539e+01,1.398528252319075904e-01
6.740740740740740478e+01,1.397585590916206877e-01
6.747747747747747837e+01,1.396644638777770064e-01
6.754754754754755197e+01,1.395705394550484091e-01
6.761761761761762557e+01,1.394767856864904398e-01
6.768768768768768496e+01,1.393832024335611430e-01
6.775775775775775855e+01,1.392897895561399091e-01
6.782782782782783215e+01,1.391965469125455990e-01
6.789789789789790575e+01,1.391034743595550294e-01
6.796796796796796514e+01,1.390105717524210138e-01
6.803803803803803874e+01,1.389178389448904594e-01
6.810810810810811233e+01,1.388252757892222411e-01
6.817817817817818593e+01,1.387328821362045772e-01
6.824824824824824532e+01,1.386406578351729313e-01
6.831831831831831892e+01,1.385486027340272208e-01
6.838838838838839251e+01,1.384567166792489423e-01
6.845845845845846611e+01,1.383649995159185464e-01
6.852852852852852550e+01,1.382734510877320078e-01
6.859859859859859910e+01,1.381820712370179782e-01
6.866866866866867269e+01,1.380908598047542735e-01
6.873873873873874629e+01,1.379998166305841656e-01
6.880880880880880568e+01,1.379089415528333140e-01
6.887887887887887928e+01,1.378182344085253086e-01
6.894894894894895288e+01,1.377276950333983230e-01
6.901901901901902647e+01,1.376373232619206022e-01
6.908908908908908586e+01,1.375471189273066719e-01
6.915915915915915946e+01,1.374570818615327705e-01
6.922922922922923306e+01,1.373672118953523924e-01
6.929929929929930665e+01,1.372775088583118863e-01
6.936936936936936604e+01,1.371879725787654436e-01
6.943943943943943964e+01,1.370986028838904747e-01
6.950950950950951324e+01,1.370093995997024028e-01
6.957957957957958683e+01,1.369203625510698186e-01
6.964964964964964622e+01,1.368314915617290517e-01
6.971971971971971982e+01,1.367427864542986315e-01
6.978978978978979342e+01,1.366542470502941642e-01
6.985985985985986702e+01,1.365658731701423489e-01
6.992992992992992640e+01,1.364776646331955501e-01
7.000000000000000000e+01,1.363896212577455636e-01
